keyword,status,first_seen,last_seen,runs,data_source,search_volume_or_interest,competition_index,search_intent,opportunity_score,opportunity_flags,serp_level,serp_difficulty,final_score,own_position,note
accounting firms charlotte nc,used,2026-07-17,2026-10-09,0,,,,,,,,,,,/locations/charlotte
accounting firms chicago,used,2026-07-17,2026-10-09,0,,,,,,,,,,,/locations/chicago
accounting firms in cleveland ohio,used,2026-07-17,2026-10-09,0,,,,,,,,,,,/locations/cleveland
accounting firms in san diego,used,2026-07-17,2026-10-09,0,,,,,,,,,,,/locations/san-diego
accounting firms raleigh nc,used,2026-07-17,2026-10-09,0,,,,,,,,,,,/locations/raleigh
accrual basis accounting,used,2026-08-17,2026-10-09,0,,,,,,,,,,,/blog/accrual-basis-accounting
bookkeeping vs accounting,used,2026-08-25,2026-10-09,0,,,,,,,,,,,/blog/bookkeeping-vs-accounting
can you do taxes without w2,used,2026-07-22,2026-10-09,0,,,,,,,,,,,/blog/can-you-do-taxes-without-w2
cash basis accounting,used,2026-07-29,2026-10-09,0,,,,,,,,,,,/blog/cash-basis-accounting
do i need an accountant for my small business,used,2026-07-15,2026-10-09,0,,,,,,,,,,,/blog/do-i-need-an-accountant-for-your-small-business
do seniors have to file taxes,used,2026-08-28,2026-10-09,0,,,,,,,,,,,/blog/do-seniors-have-to-file-taxes
does shopify collect sales tax,used,2026-09-30,2026-10-09,0,,,,,,,,,,,/blog/does-shopify-collect-sales-tax
fund accounting,used,2026-07-25,2026-10-09,0,,,,,,,,,,,/blog/fund-accounting
how much does a tax attorney cost,used,2026-08-10,2026-10-09,0,,,,,,,,,,,/blog/how-much-does-a-tax-attorney-cost
how much does it cost to do your taxes,used,2026-10-05,2026-10-09,0,,,,,,,,,,,/blog/how-much-does-it-cost-to-do-your-taxes
is fresh start tax relief legit,used,2026-08-27,2026-10-09,0,,,,,,,,,,,/blog/is-fresh-start-tax-relief-legit
is labor taxed in florida,used,2026-10-08,2026-10-09,0,,,,,,,,,,,/blog/is-labor-taxed-in-florida
is tax relief advocates legit,used,2026-10-01,2026-10-09,0,,,,,,,,,,,/blog/is-tax-relief-advocates-legit
sales tax compliance services,used,2026-09-26,2026-10-09,0,,,,,,,,,,,/blog/sales-tax-compliance-services
small business accountant cincinnati,used,2026-07-15,2026-10-09,0,,,,,,,,,,,/locations/cincinnati
tax resolution services,used,2026-08-24,2026-10-09,0,,,,,,,,,,,/blog/tax-resolution-services
top accounting firms in dallas,used,2026-07-17,2026-10-09,0,,,,,,,,,,,/locations/dallas
what happens if i didn't file last year's taxes,used,2026-09-28,2026-10-09,0,,,,,,,,,,,/blog/what-happens-if-i-didnt-file-last-years-taxes
when to hire a tax attorney,used,2026-08-27,2026-10-09,0,,,,,,,,,,,/blog/when-to-hire-a-tax-attorney
why is accounting important in business,used,2026-10-06,2026-10-09,0,,,,,,,,,,,/blog/why-is-accounting-important-in-business
why is tax relief services calling me,used,2026-08-28,2026-10-09,0,,,,,,,,,,,/blog/why-is-tax-relief-services-calling-me
